{"Model": {"Name": "Training Model", "Loss": [1.3734778249263764, 1.1480191737413405, 1.1063657030463219, 1.066948883831501, 1.0746579334139823, 1.0571211531758309, 1.0252060300111772, 1.0351516830921172, 1.0216467881202698, 1.01921423047781], "Target Rate": [0.5302369854535371, 0.938058064551581, 0.9683882789469901, 0.9816361489721709, 0.9823173777669193, 0.9892094156486643, 0.9925969440785666, 0.9927368261804661, 0.9922890409146037, 0.9942702804103729], "Neutral Rate": [0.43906, 0.47189, 0.39451, 0.46298, 0.40899, 0.42398, 0.43177, 0.43744, 0.49916, 0.46682], "Negative Rate": [0.4992, 0.4669, 0.54161, 0.48883, 0.52365, 0.51716, 0.50101, 0.50903, 0.44818, 0.48237], "Assassin Rate": [0.06174, 0.06121, 0.06388, 0.04819, 0.06736, 0.05886, 0.06722, 0.05353, 0.05266, 0.05081]}, "Search": {"Name": "Training Search", "Loss": [1.3734778249263764, 1.1480191737413405, 1.1063657030463219, 1.066948883831501, 1.0746579334139823, 1.0571211531758309, 1.0252060300111772, 1.0351516830921172, 1.0216467881202698, 1.01921423047781], "Target Rate": [0.7144179217607258, 0.8590536124356214, 0.8591531331226938, 0.8741915442621898, 0.8567513337617827, 0.8653156826893484, 0.8889110396769307, 0.8739513941028766, 0.8817455411856139, 0.8830113465767058], "Neutral Rate": [0.79883, 0.84632, 0.79704, 0.8205, 0.77198, 0.79933, 0.82374, 0.80668, 0.83215, 0.83091], "Negative Rate": [0.20115, 0.15364, 0.20291, 0.17949, 0.22797, 0.20063, 0.17622, 0.19327, 0.16782, 0.16908], "Assassin Rate": [2e-05, 4e-05, 5e-05, 1e-05, 5e-05, 4e-05, 4e-05, 5e-05, 3e-05, 1e-05]}}