{"Default Weights": {
    "Model Output": {
        "Avg Targets": [
            3.58,
            6.93,
            7.93,
            8.32,
            8.51,
            8.61,
            8.68,
            8.72,
            8.75,
            8.77
        ],
        "Neutral": [
            0.39944,
            0.40465,
            0.416,
            0.42572,
            0.43334,
            0.43821,
            0.44214,
            0.4449,
            0.44766,
            0.44976
        ],
        "Negative": [
            0.5832,
            0.57985,
            0.56431,
            0.55181,
            0.5425,
            0.53638,
            0.53128,
            0.52782,
            0.52437,
            0.52165
        ],
        "Assassin": [
            0.01736,
            0.0155,
            0.01969,
            0.02247,
            0.02461,
            0.02541,
            0.02658,
            0.02728,
            0.02797,
            0.02859
        ]
    }, 

    "Search Output": {
        "Avg Targets": [
            4.37,
            5.344750251770019,
            5.521570262908935,
            5.592930285930634,
            5.632720265388489,
            5.655440258979797,
            5.669670252799988,
            5.680120265483856,
            5.689250268936157,
            5.696020269393921
        ],
        "Neutral": [
            0.73613,
            0.7374,
            0.74213,
            0.74497,
            0.74548,
            0.74617,
            0.74876,
            0.75012,
            0.74947,
            0.74842
        ],
        "Negative": [
            0.26387,
            0.2626,
            0.25786,
            0.25502,
            0.25452,
            0.25383,
            0.25124,
            0.24988,
            0.25053,
            0.25158
        ],
        "Assassin": [
            0.0,
            0.0,
            0.00001,
            0.00001,
            0.0,
            0.0,
            0.0,
            0.0,
            0.0,
            0.0
        ]
    },

    "Validation Output": {
        "Avg Targets": [
            5.1663998818397525,
            5.457199897766113,
            5.567599892616272,
            5.612199873924255,
            5.641199882030487,
            5.660999858379364,
            5.673399860858917,
            5.680799872875213,
            5.689899864196778,
            5.691299867630005
        ],
        "Neutral": [
            0.7327,
            0.74,
            0.7437,
            0.7436,
            0.7475,
            0.7452,
            0.7437,
            0.7472,
            0.7488,
            0.7496
        ],
        "Negative": [
            0.2673,
            0.26,
            0.2563,
            0.2564,
            0.2525,
            0.2548,
            0.2563,
            0.2528,
            0.2512,
            0.2504
        ],
        "Assassin": [
            0.0,
            0.0,
            0.0,
            0.0,
            0.0,
            0.0,
            0.0,
            0.0,
            0.0,
            0.0
        ]
    }},

    "Neutral_Weights_2": {
        "Model Output": {
            "Avg Targets": [
                3.515,
                6.87246,
                7.88478,
                8.28633,
                8.48093,
                8.58913,
                8.65518,
                8.69896,
                8.73011,
                8.75229
            ],
            "Neutral": [
                0.4221,
                0.45235,
                0.47361,
                0.48909,
                0.5001,
                0.5085,
                0.51315,
                0.51785,
                0.52192,
                0.52472
            ],
            "Negative": [
                0.5606,
                0.53283,
                0.50779,
                0.48998,
                0.47722,
                0.46762,
                0.4619,
                0.45657,
                0.45175,
                0.44848
            ],
            "Assassin": [
                0.0173,
                0.01482,
                0.0186,
                0.02093,
                0.02268,
                0.02388,
                0.02495,
                0.02558,
                0.02633,
                0.0268
            ]
        },
        "Search Output": {
            "Avg Targets": [
                4.08976,
                5.08646,
                5.26959,
                5.34192,
                5.38332,
                5.40699,
                5.42149,
                5.43259,
                5.44183,
                5.44652
            ],
            "Neutral": [
                0.92167,
                0.92521,
                0.93091,
                0.93346,
                0.93397,
                0.93527,
                0.93621,
                0.93599,
                0.93592,
                0.93661
            ],
            "Negative": [
                0.07832,
                0.07479,
                0.06908,
                0.06653,
                0.06602,
                0.06472,
                0.06378,
                0.064,
                0.06407,
                0.06338
            ],
            "Assassin": [
                0.00001,
                0.0,
                0.00001,
                0.00001,
                0.00001,
                0.00001,
                0.00001,
                0.00001,
                0.00001,
                0.00001
            ]
        },
        "Validation Output": {
            "Avg Targets": [
                4.9098,
                5.2278,
                5.3244,
                5.3693,
                5.3993,
                5.4158,
                5.4277,
                5.4368,
                5.4442,
                5.4439
            ],
            "Neutral": [
                0.922,
                0.9248,
                0.9303,
                0.932,
                0.9338,
                0.9367,
                0.9368,
                0.9384,
                0.9364,
                0.9369
            ],
            "Negative": [
                0.078,
                0.0752,
                0.0697,
                0.068,
                0.0662,
                0.0633,
                0.0632,
                0.0616,
                0.0636,
                0.0631
            ],
            "Assassin": [
                0.0,
                0.0,
                0.0,
                0.0,
                0.0,
                0.0,
                0.0,
                0.0,
                0.0,
                0.0
            ]
        }        
    },

    "Neutral Weights_5": {
        "Model Output": {
            "Avg Targets": [
                3.44768,
                6.69033,
                7.73332,
                8.16424,
                8.37901,
                8.50011,
                8.57504,
                8.62695,
                8.66298,
                8.69034
            ],
            "Neutral": [
                0.4393,
                0.52149,
                0.56208,
                0.58673,
                0.6023,
                0.61288,
                0.62061,
                0.62606,
                0.63065,
                0.63402
            ],
            "Negative": [
                0.5411,
                0.46474,
                0.42133,
                0.3951,
                0.37829,
                0.36689,
                0.35854,
                0.35253,
                0.34751,
                0.34383
            ],
            "Assassin": [
                0.0196,
                0.01377,
                0.01659,
                0.01817,
                0.01941,
                0.02023,
                0.02085,
                0.02141,
                0.02184,
                0.02215
            ]
        },