{"Model": {"Name": "Training Model", "Targets": [3.6434701788425445, 6.982620320320129, 7.950180370807647, 8.332150402069091, 8.514250421524048, 8.615960402488708, 8.678750448226928, 8.72087043762207, 8.751260409355163, 8.773090415000915], "Target Rate": [0.40483001987139383, 0.7758467022577922, 0.8833533745341831, 0.9257944891187879, 0.9460278246137831, 0.9573289336098565, 0.9643056053585476, 0.9689856041802299, 0.9723622677061292, 0.9747878238889905], "Neutral Rate": [0.38129, 0.39436, 0.41247, 0.42294, 0.43081, 0.43683, 0.44007, 0.44366, 0.44639, 0.4486], "Negative Rate": [0.60091, 0.58956, 0.56796, 0.55476, 0.54511, 0.53787, 0.53336, 0.52897, 0.5256, 0.52289], "Assassin Rate": [0.0178, 0.01608, 0.01957, 0.0223, 0.02408, 0.0253, 0.02657, 0.02737, 0.02801, 0.02851]}, "Search": {"Name": "Training Search", "Targets": [4.318280220031738, 5.34947026014328, 5.525360271930695, 5.5969402527809144, 5.634300262928009, 5.655530250072479, 5.670240252017975, 5.6792602491378785, 5.687450263500214, 5.69471027135849], "Target Rate": [0.4798089133368598, 0.5943855844603645, 0.6139289191034105, 0.6218822503089905, 0.6260333625475565, 0.6283922500080532, 0.6300266946686639, 0.6310289165708753, 0.6319389181666905, 0.6327455857064989], "Neutral Rate": [0.73363, 0.73714, 0.74178, 0.74386, 0.74474, 0.74592, 0.74682, 0.74641, 0.7477, 0.74752], "Negative Rate": [0.26637, 0.26286, 0.25822, 0.25614, 0.25526, 0.25407, 0.25317, 0.25358, 0.25229, 0.25248], "Assassin Rate": [0.0, 0.0, 0.0, 0.0, 0.0, 1e-05, 1e-05, 1e-05, 1e-05, 0.0]}}